% [START_TIME - END_TIME],TURN_NAME,EMOTION,"[V, A, D]"
[4.4900 - 7.2200],Ses05F_script01_2_F000,xxx,"[2.5000, 2.5000, 2.5000]"
[9.3700 - 13.3300],Ses05F_script01_2_F001,neu,"[2.5000, 2.5000, 3.0000]"
[16.7800 - 19.8800],Ses05F_script01_2_F002,xxx,"[2.0000, 2.5000, 3.0000]"
[29.5700 - 32.1300],Ses05F_script01_2_F003,xxx,"[2.0000, 2.0000, 2.5000]"
[33.0100 - 35.0100],Ses05F_script01_2_F004,xxx,"[2.5000, 3.5000, 2.5000]"
[38.4700 - 40.6800],Ses05F_script01_2_F005,fru,"[2.0000, 3.0000, 4.0000]"
[47.9200 - 50.4500],Ses05F_script01_2_F006,ang,"[2.0000, 3.5000, 3.5000]"
[52.1900 - 61.8200],Ses05F_script01_2_F007,fru,"[1.5000, 3.5000, 3.5000]"
[63.4600 - 71.2600],Ses05F_script01_2_F008,fru,"[2.5000, 3.0000, 4.5000]"
[78.7300 - 86.9200],Ses05F_script01_2_F009,fru,"[2.0000, 3.5000, 4.0000]"
[87.9900 - 91.1800],Ses05F_script01_2_F010,ang,"[1.5000, 4.0000, 4.5000]"
[97.1700 - 100.4800],Ses05F_script01_2_F011,ang,"[1.5000, 3.5000, 4.0000]"
[100.8700 - 109.0700],Ses05F_script01_2_F012,ang,"[1.5000, 4.5000, 5.0000]"
[111.4700 - 114.7300],Ses05F_script01_2_F013,xxx,"[1.5000, 3.5000, 3.5000]"
[122.2700 - 127.9100],Ses05F_script01_2_F014,ang,"[2.0000, 3.5000, 4.0000]"
[131.9700 - 135.5000],Ses05F_script01_2_F015,xxx,"[2.0000, 2.5000, 3.5000]"
[140.5500 - 142.8900],Ses05F_script01_2_F016,sad,"[2.5000, 3.5000, 3.5000]"
[145.6600 - 147.3200],Ses05F_script01_2_F017,ang,"[1.5000, 3.5000, 3.5000]"
[7.1900 - 9.3200],Ses05F_script01_2_M000,neu,"[3.0000, 2.5000, 2.5000]"
[12.8300 - 17.9000],Ses05F_script01_2_M001,neu,"[3.0000, 3.5000, 3.0000]"
[19.4700 - 29.2400],Ses05F_script01_2_M002,neu,"[2.5000, 3.0000, 3.5000]"
[31.7600 - 34.4200],Ses05F_script01_2_M003,fru,"[3.0000, 3.5000, 3.0000]"
[35.4500 - 38.3100],Ses05F_script01_2_M004,fru,"[2.5000, 3.5000, 3.0000]"
[40.4400 - 43.9600],Ses05F_script01_2_M005,fru,"[2.0000, 3.5000, 3.0000]"
[50.2000 - 52.0600],Ses05F_script01_2_M006,xxx,"[2.5000, 3.0000, 3.5000]"
[61.2300 - 64.0100],Ses05F_script01_2_M007,fru,"[2.0000, 3.5000, 3.0000]"
[70.5400 - 75.4300],Ses05F_script01_2_M008,fru,"[2.0000, 4.0000, 3.0000]"
[86.1600 - 88.9000],Ses05F_script01_2_M009,fru,"[1.5000, 3.5000, 4.5000]"
[94.5700 - 96.2900],Ses05F_script01_2_M010,fru,"[2.0000, 2.5000, 2.5000]"
[100.1500 - 101.3800],Ses05F_script01_2_M011,fru,"[4.0000, 3.0000, 2.5000]"
[109.5800 - 111.5000],Ses05F_script01_2_M012,fru,"[2.5000, 3.0000, 3.0000]"
[113.9000 - 115.6400],Ses05F_script01_2_M013,fru,"[2.5000, 3.5000, 3.0000]"
[127.1600 - 131.4200],Ses05F_script01_2_M014,fru,"[2.5000, 3.5000, 4.0000]"
[135.2500 - 138.2600],Ses05F_script01_2_M015,xxx,"[2.0000, 3.0000, 3.5000]"
[142.3800 - 146.3500],Ses05F_script01_2_M016,ang,"[1.5000, 4.0000, 4.5000]"
[146.9900 - 151.8500],Ses05F_script01_2_M017,ang,"[1.5000, 4.0000, 5.0000]"
